district,year,crime_against_children,crime_against_women,cyber_crime,other_crime,violent_crime,total_crime,variety,wc_ratio,trend
0,2020,262,0,3,0,1,266,3,0.9849624060150376,0.0
0,2021,42,276,0,0,0,318,2,1.0,0.19548872180451138
0,2022,524,0,6,0,2,532,3,0.9849624060150376,0.6729559748427674
0,2023,84,552,0,0,0,636,2,1.0,0.19548872180451138
1,2020,133,0,5,3,2,143,4,0.9300699300699301,0.0
1,2021,41,232,0,0,0,273,2,1.0,0.9090909090909092
1,2022,266,0,10,6,4,286,4,0.9300699300699301,0.04761904761904767
1,2023,82,464,0,0,0,546,2,1.0,0.9090909090909092
2,2020,125,0,6,34,11,176,4,0.7102272727272727,0.0
2,2021,28,177,0,0,0,205,2,1.0,0.1647727272727273
2,2022,250,0,12,68,22,352,4,0.7102272727272727,0.7170731707317073
2,2023,56,354,0,0,0,410,2,1.0,0.1647727272727273
3,2020,358,0,14,11,7,390,4,0.9179487179487179,0.0
3,2021,126,545,0,0,0,671,2,1.0,0.7205128205128206
3,2022,716,0,28,22,14,780,4,0.9179487179487179,0.1624441132637855
3,2023,252,1090,0,0,0,1342,2,1.0,0.7205128205128206
4,2020,3695,0,136,59,20,3910,4,0.9450127877237852,0.0
4,2021,468,3449,0,0,7,3924,3,0.9982161060142711,0.003580562659846631
4,2022,7390,0,272,118,40,7820,4,0.9450127877237852,0.9928644240570845
4,2023,936,6898,0,0,14,7848,3,0.9982161060142711,0.003580562659846631
5,2020,458,0,16,1,4,479,4,0.9561586638830898,0.0
5,2021,103,606,0,0,0,709,2,1.0,0.48016701461377864
5,2022,916,0,32,2,8,958,4,0.9561586638830898,0.35119887165021146
5,2023,206,1212,0,0,0,1418,2,1.0,0.48016701461377864
6,2020,220,0,7,36,9,272,4,0.8088235294117647,0.0
6,2021,51,232,0,0,0,283,2,1.0,0.040441176470588314
6,2022,440,0,14,72,18,544,4,0.8088235294117647,0.9222614840989398
6,2023,102,464,0,0,0,566,2,1.0,0.040441176470588314
7,2020,120,0,0,44,0,164,2,0.7317073170731707,0.0
7,2021,48,222,0,0,0,270,2,1.0,0.646341463414634
7,2022,240,0,0,88,0,328,2,0.7317073170731707,0.2148148148148148
7,2023,96,444,0,0,0,540,2,1.0,0.646341463414634
8,2020,390,0,0,42,5,437,3,0.8924485125858124,0.0
8,2021,139,271,0,0,0,410,2,1.0,-0.06178489702517165
8,2022,780,0,0,84,10,874,3,0.8924485125858124,1.1317073170731708
8,2023,278,542,0,0,0,820,2,1.0,-0.06178489702517165
9,2020,327,0,0,6,8,341,3,0.9589442815249267,0.0
9,2021,122,326,0,0,0,448,2,1.0,0.313782991202346
9,2022,654,0,0,12,16,682,3,0.9589442815249267,0.5223214285714286
9,2023,244,652,0,0,0,896,2,1.0,0.313782991202346
10,2020,452,0,0,15,2,469,3,0.9637526652452025,0.0
10,2021,96,545,0,0,0,641,2,1.0,0.36673773987206815
10,2022,904,0,0,30,4,938,3,0.9637526652452025,0.4633385335413416
10,2023,192,1090,0,0,0,1282,2,1.0,0.36673773987206815
11,2020,230,0,12,63,1,306,4,0.7516339869281046,0.0
11,2021,65,124,0,0,0,189,2,1.0,-0.38235294117647056
11,2022,460,0,24,126,2,612,4,0.7516339869281046,2.238095238095238
11,2023,130,248,0,0,0,378,2,1.0,-0.38235294117647056
12,2020,560,0,3,4,1,568,4,0.9859154929577465,0.0
12,2021,94,480,0,0,0,574,2,1.0,0.010563380281690238
12,2022,1120,0,6,8,2,1136,4,0.9859154929577465,0.9790940766550522
12,2023,188,960,0,0,0,1148,2,1.0,0.010563380281690238
13,2020,94,0,1,17,0,112,3,0.8392857142857143,0.0
13,2021,33,100,0,0,0,133,2,1.0,0.1875
13,2022,188,0,2,34,0,224,3,0.8392857142857143,0.6842105263157894
13,2023,66,200,0,0,0,266,2,1.0,0.1875
14,2020,150,0,3,5,1,159,4,0.9433962264150944,0.0
14,2021,34,103,0,0,0,137,2,1.0,-0.1383647798742138
14,2022,300,0,6,10,2,318,4,0.9433962264150944,1.3211678832116789
14,2023,68,206,0,0,0,274,2,1.0,-0.1383647798742138
15,2020,455,0,4,18,0,477,3,0.9538784067085954,0.0
15,2021,152,498,0,0,0,650,2,1.0,0.36268343815513626
15,2022,910,0,8,36,0,954,3,0.9538784067085954,0.46769230769230763
15,2023,304,996,0,0,0,1300,2,1.0,0.36268343815513626
16,2020,223,0,0,1,0,224,2,0.9955357142857143,0.0
16,2021,78,260,0,0,0,338,2,1.0,0.5089285714285714
16,2022,446,0,0,2,0,448,2,0.9955357142857143,0.32544378698224863
16,2023,156,520,0,0,0,676,2,1.0,0.5089285714285714
17,2020,145,0,10,0,0,155,2,0.9354838709677419,0.0
17,2021,39,178,0,0,0,217,2,1.0,0.3999999999999999
17,2022,290,0,20,0,0,310,2,0.9354838709677419,0.4285714285714286
17,2023,78,356,0,0,0,434,2,1.0,0.3999999999999999
18,2020,81,0,8,0,1,90,3,0.9,0.0
18,2021,30,90,0,0,0,120,2,1.0,0.33333333333333326
18,2022,162,0,16,0,2,180,3,0.9,0.5
18,2023,60,180,0,0,0,240,2,1.0,0.33333333333333326
19,2020,12,0,0,0,0,12,1,1.0,0.0
19,2021,2,7,0,0,0,9,2,1.0,-0.25
19,2022,24,0,0,0,0,24,1,1.0,1.6666666666666665
19,2023,4,14,0,0,0,18,2,1.0,-0.25
20,2020,215,1,6,21,11,254,5,0.8503937007874016,0.0
20,2021,56,278,0,0,0,334,2,1.0,0.31496062992125995
20,2022,430,2,12,42,22,508,5,0.8503937007874016,0.5209580838323353
20,2023,112,556,0,0,0,668,2,1.0,0.31496062992125995
21,2020,179,0,4,8,3,194,4,0.9226804123711341,0.0
21,2021,22,164,0,0,0,186,2,1.0,-0.04123711340206182
21,2022,358,0,8,16,6,388,4,0.9226804123711341,1.086021505376344
21,2023,44,328,0,0,0,372,2,1.0,-0.04123711340206182
22,2020,202,0,1,18,7,228,4,0.8859649122807017,0.0
22,2021,66,120,0,0,0,186,2,1.0,-0.1842105263157895
22,2022,404,0,2,36,14,456,4,0.8859649122807017,1.4516129032258065
22,2023,132,240,0,0,0,372,2,1.0,-0.1842105263157895
23,2020,207,0,3,8,3,221,4,0.9366515837104072,0.0
23,2021,69,264,0,0,0,333,2,1.0,0.5067873303167421
23,2022,414,0,6,16,6,442,4,0.9366515837104072,0.3273273273273274
23,2023,138,528,0,0,0,666,2,1.0,0.5067873303167421
24,2020,190,0,4,28,1,223,4,0.852017937219731,0.0
24,2021,72,258,0,0,0,330,2,1.0,0.47982062780269064
24,2022,380,0,8,56,2,446,4,0.852017937219731,0.35151515151515156
24,2023,144,516,0,0,0,660,2,1.0,0.47982062780269064
25,2020,441,0,0,41,10,492,3,0.8963414634146342,0.0
25,2021,99,511,0,0,0,610,2,1.0,0.23983739837398366
25,2022,882,0,0,82,20,984,3,0.8963414634146342,0.6131147540983606
25,2023,198,1022,0,0,0,1220,2,1.0,0.23983739837398366
26,2020,198,0,22,36,1,257,4,0.7704280155642024,0.0
26,2021,67,170,0,0,0,237,2,1.0,-0.0778210116731517
26,2022,396,0,44,72,2,514,4,0.7704280155642024,1.168776371308017
26,2023,134,340,0,0,0,474,2,1.0,-0.0778210116731517
27,2020,267,0,5,0,2,274,3,0.9744525547445255,0.0
27,2021,54,321,0,0,0,375,2,1.0,0.3686131386861313
27,2022,534,0,10,0,4,548,3,0.9744525547445255,0.4613333333333334
27,2023,108,642,0,0,0,750,2,1.0,0.3686131386861313
28,2020,529,0,7,64,4,604,4,0.8758278145695364,0.0
28,2021,135,461,0,0,0,596,2,1.0,-0.013245033112582738
28,2022,1058,0,14,128,8,1208,4,0.8758278145695364,1.0268456375838926
28,2023,270,922,0,0,0,1192,2,1.0,-0.013245033112582738
29,2020,182,0,6,36,3,227,4,0.801762114537445,0.0
29,2021,52,463,0,0,0,515,2,1.0,1.2687224669603525
29,2022,364,0,12,72,6,454,4,0.801762114537445,-0.11844660194174761
29,2023,104,926,0,0,0,1030,2,1.0,1.2687224669603525
30,2020,441,0,5,1,2,449,4,0.9821826280623608,0.0
30,2021,92,513,0,0,0,605,2,1.0,0.3474387527839644
30,2022,882,0,10,2,4,898,4,0.9821826280623608,0.48429752066115705
30,2023,184,1026,0,0,0,1210,2,1.0,0.3474387527839644
31,2020,744,0,5,28,2,779,4,0.9550706033376123,0.0
31,2021,182,634,0,0,0,816,2,1.0,0.047496790757381335
31,2022,1488,0,10,56,4,1558,4,0.9550706033376123,0.9093137254901962
31,2023,364,1268,0,0,0,1632,2,1.0,0.047496790757381335
32,2020,546,0,9,164,52,771,4,0.708171206225681,0.0
32,2021,102,610,0,0,0,712,2,1.0,-0.0765239948119325
32,2022,1092,0,18,328,104,1542,4,0.708171206225681,1.1657303370786516
32,2023,204,1220,0,0,0,1424,2,1.0,-0.0765239948119325
33,2020,256,0,10,1,3,270,4,0.9481481481481482,0.0
33,2021,66,165,0,0,0,231,2,1.0,-0.1444444444444445
33,2022,512,0,20,2,6,540,4,0.9481481481481482,1.3376623376623376
33,2023,132,330,0,0,0,462,2,1.0,-0.1444444444444445
34,2020,263,0,2,86,4,355,4,0.7408450704225352,0.0
34,2021,64,270,0,0,0,334,2,1.0,-0.05915492957746482
34,2022,526,0,4,172,8,710,4,0.7408450704225352,1.125748502994012
34,2023,128,540,0,0,0,668,2,1.0,-0.05915492957746482
35,2020,213,0,0,1,0,214,2,0.9953271028037384,0.0
35,2021,62,195,0,0,0,257,2,1.0,0.2009345794392523
35,2022,426,0,0,2,0,428,2,0.9953271028037384,0.6653696498054475
35,2023,124,390,0,0,0,514,2,1.0,0.2009345794392523
36,2020,193,0,9,4,3,209,4,0.9234449760765551,0.0
36,2021,57,347,0,0,0,404,2,1.0,0.9330143540669857
36,2022,386,0,18,8,6,418,4,0.9234449760765551,0.034653465346534684
36,2023,114,694,0,0,0,808,2,1.0,0.9330143540669857
37,2020,140,0,2,9,1,152,4,0.9210526315789473,0.0
37,2021,46,187,0,0,0,233,2,1.0,0.5328947368421053
37,2022,280,0,4,18,2,304,4,0.9210526315789473,0.3047210300429184
37,2023,92,374,0,0,0,466,2,1.0,0.5328947368421053
