Name,Latitude,Longitude,OBJECTID,KGISCode,KGISWardID,DepartmentCode,KGISVillageID,KGISPOL_OPSTID,POL_OPSTName
,13.1236710003015,77.605489000224,1,29572055428031620000HMPOLPUOFFPOP0001,,1,15437,1,"Police Outpost, APTS Yelahanka"
,12.9955660001983,77.5826090002177,10,29572055428031620000HMPOLPUOFFPOP0007,,10,15140,10,"Police Outpost, Seshadripuram "
,16.5277230001537,74.6021730001999,100,29555054335971750000HMPOLPUOFFPOP0001,,100,1140,100,"Police Outpost, Examba"
,16.5423399999553,74.3308900000456,101,29555054335971200000HMPOLPUOFFPOP0001,,101,1104,101,"Police Outpost, Koga  Li"
,16.1036270002212,74.6855999997508,102,29555054375976650000HMPOLPUOFFPOP0001,,102,1375,102,"Police Outpost, Pachapur"
,16.1324060003969,74.6596200000697,103,29555054375976180000HMPOLPUOFFPOP0001,,103,1280,103,"Police Outpost, Hidakal Dam"
,15.8894999999577,75.3896666668748,104,29555054425983880000HMPOLPUOFFPOP0001,,104,1797,104,"Police Outpost, Sureban "
,15.9807520999908,75.016678700172,105,29555054415981670000HMPOLPUOFFPOP0001,,105,1939,105,"Police Outpost, Yaragatti "
,15.8558550004057,75.1287610001644,106,29555054415982660000HMPOLPUOFFPOP0001,,106,1837,106,"Police Outpost, Munavalli "
,15.7657649998639,75.1327620004657,107,29555054415982460000HMPOLPUOFFPOP0001,,107,1894,107,"Police Outpost, Yallamanagudda "
,15.8159610002025,75.106889999965,108,29555054415982670000HMPOLPUOFFPOP0001,,108,1840,108,"Police Outpost, Naveeluteerth Dam "
,15.4866939999427,75.1313060001471,109,29562054736023090000HMPOLPUOFFPOP0001,,109,6497,109,"Police Outpost, Hebballi "
,12.9991048101212,77.5746466298859,11,29572055428031620000HMPOLPUOFFPOP0008,,11,15128,11,"Police Outpost, Dattatreya Temple  Hulluchatra"
,15.3576940003701,75.2658059996094,110,29562054756023940000HMPOLPUOFFPOP0001,,110,6694,110,"Police Outpost, Bhandiwad "
,15.2536110003028,75.0565280000227,111,29562054766024620000HMPOLPUOFFPOP0001,,111,6732,111,"Police Outpost, Misrikoti "
,15.5807219997608,75.1612780000011,112,29562054746023310000HMPOLPUOFFPOP0001,,112,31503,112,"Police Outpost, Morab "
,15.4221340000295,75.5811559997896,113,29561054706020220000HMPOLPUOFFPOP0001,,113,6950,113,"Police Outpost, Binkadakatti Jeevan Raksha"
,15.2941111109811,75.7753611112541,114,29561054726021540000HMPOLPUOFFPOP0001,,114,6985,114,"Police Outpost, Dambal Village"
,15.7194160002025,75.3843479995682,115,29561054688030740000HMPOLPUOFFPOP0001,,115,7046,115,"Police Outpost, Konnur "
,15.797499999994,75.7647222216983,116,29561054696019260000HMPOLPUOFFPOP0001,,116,7141,116,"Police Outpost, Hirehal"
,15.8244444432052,75.6497222215778,117,29561054696019010000HMPOLPUOFFPOP0001,,117,7076,117,"Police Outpost, Hoealr"
,16.9791420003905,75.754591999568,118,29557054495990680000HMPOLPUOFFPOP0001,,118,4950,118,"Police Outpost, Tidagundi"
,16.5366440000447,75.4948359999048,119,29557054495991390000HMPOLPUOFFPOP0001,,119,4916,119,"Police Outpost, Gunadal"
,12.9749077788324,77.6254558328565,12,29572055428031620000HMPOLPUOFFPOP0009,,12,30092,12,"Police Outpost, Bowring Hospital "
,16.5355760001286,75.59561099955,120,29557054495991560000HMPOLPUOFFPOP0001,,120,4925,120,"Police Outpost, Mamadapur, Basavan Bagewadi Circle"
,16.9791420003905,75.754591999568,121,29557054495990680000HMPOLPUOFFPOP0002,,121,4950,121,"Police Outpost, Kanamadi"
,17.304109700439,76.0271719998185,122,29557054505992480000HMPOLPUOFFPOP0001,,122,4549,122,"Police Outpost, Agarkhed"
,17.0044009999472,76.4173889997363,123,29557054515993320000HMPOLPUOFFPOP0001,,123,4770,123,"Police Outpost, Moratagi"
,16.7503090000907,76.2140410001415,124,29557054515994100000HMPOLPUOFFPOP0001,,124,4811,124,"Police Outpost, Korawar"
,16.8854009996857,76.7509659995315,125,29579055866208630000HMPOLPUOFFPOP0001,,125,3166,125,"Police Outpost, Yalawar"
,16.2488210000434,76.2922100002959,126,29557054535996760000HMPOLPUOFFPOP0001,,126,4694,126,"Police Outpost, Nalatwad  Circle"
,13.4087050003178,76.1643419998145,127,29574055556158400000HMPOLPUOFFPOP0001,,127,22038,127,"Police Outpost, Banavara "
,13.1577920000689,76.3052040004471,128,29574055556157990000HMPOLPUOFFPOP0001,,128,22176,128,"Police Outpost, Gandasi "
,13.1286789995595,75.9922100001543,129,29574055546153480000HMPOLPUOFFPOP0001,,129,22711,129,"Police Outpost, Halebeedu "
,13.0988799999525,77.5970329999878,13,29572055428031620000HMPOLPUOFFPOP0010,,13,15447,13,"Police Outpost, Yelahanka "
,12.8882689998303,76.0751630000155,130,29574055566161000000HMPOLPUOFFPOP0001,,130,22967,130,"Police Outpost, Goruru "
,12.7773270003867,75.8573839998027,131,29574055536150660000HMPOLPUOFFPOP0001,,131,23398,131,"Police Outpost, Alur "
,12.3862850003714,75.492854099556,132,29576055666177940000HMPOLPUOFFPOP0001,,132,27164,132,"Police Outpost, Thalacauvery  Karike"
,12.4402049998318,75.4227330000345,133,29576055666177930000HMPOLPUOFFPOP0001,,133,27158,133,"Police Outpost, Madikeri "
,12.3142213001403,75.7507414996898,134,29576055666178320000HMPOLPUOFFPOP0001,,134,27180,134,"Police Outpost, Rural, Madikeri Town"
,12.4936962001305,75.5654619995887,135,29576055666178100000HMPOLPUOFFPOP0001,,135,27219,135,"Police Outpost, Bhagamandala"
,12.4524999999229,75.8289000016518,136,29576055676179570000HMPOLPUOFFPOP0001,,136,27465,136,"Police Outpost, Suntikoppa"
,12.2391059998187,75.9146239995547,137,29576055686180360000HMPOLPUOFFPOP0001,,137,27486,137,"Police Outpost, Pollibeta"
,12.2729959996693,75.933727999973,138,29576055686180260000HMPOLPUOFFPOP0001,,138,27471,138,"Police Outpost, Chenyanakote"
,12.4845269998253,75.9565649999831,139,29576055676179810000HMPOLPUOFFPOP0001,,139,27322,139,"Police Outpost, Harangi"
,12.9773430001644,77.5736500000652,14,29572055428031620000HMPOLPUOFFPOP0011,,14,30092,14,"Police Outpost, Upparpet Traffic, Majestic Bus Stand"
,12.474799999884,75.5322929999973,140,29576055666178090000HMPOLPUOFFPOP0001,,140,27220,140,"Police Outpost, Kodlipet"
,12.5132190001061,75.8090270002041,141,29576055676179580000HMPOLPUOFFPOP0001,,141,27455,141,"Police Outpost, Madapura"
,12.2278790000745,76.0052569997291,142,29576055686180480000HMPOLPUOFFPOP0001,,142,27511,142,"Police Outpost, Thithimathi "
,12.140438999803,76.0564729996175,143,29576055686180870000HMPOLPUOFFPOP0001,,143,27495,143,"Police Outpost, Balele "
,12.0857619998449,75.9544099997296,144,29576055686180630000HMPOLPUOFFPOP0001,,144,27524,144,"Police Outpost, Hudikeri"
,12.0179610003427,75.876269000385,145,29576055686180590000HMPOLPUOFFPOP0001,,145,27518,145,"Police Outpost, Birunani "
,12.1216805558721,76.478491666882,146,29577055736189560000HMPOLPUOFFPOP0001,,146,27714,146,"Police Outpost, Hampapura "
,12.5034472222166,76.2938944439755,147,29577055716186180000HMPOLPUOFFPOP0001,,147,28170,147,"Police Outpost, Chuchanakatte "
,12.5887194438303,76.3496361110651,148,29577055716185710000HMPOLPUOFFPOP0001,,148,28220,148,"Police Outpost, Bherya "
,12.1934500002661,76.6659166667325,149,29577055726188320000HMPOLPUOFFPOP0001,,149,28416,149,"Police Outpost, Kadakola "
,12.9118799995949,77.5876499997462,15,29572055428031620000HMPOLPUOFFPOP0012,,15,15707,15,"Police Outpost, Jayanagar Traffic, J.P.Nagar"
,12.2775694442912,76.8830277783822,150,29577055756193510000HMPOLPUOFFPOP0001,,150,29026,150,"Police Outpost, Somanatapura"
,12.0350000001662,77.001666667385,151,29578055786198050000HMPOLPUOFFPOP0001,,151,25476,151,"Police Outpost, Farangipete"
,12.8461999998133,75.0713000003143,152,29575055626175720000HMPOLPUOFFPOP0001,,152,25995,152,"Police Outpost, Kalladka"
,12.838049000363,75.4050649996035,153,29575055646177000000HMPOLPUOFFPOP0001,,153,26253,153,"Police Outpost, Nelyady "
,12.5027549999338,75.5337529998226,154,29575055656177730000HMPOLPUOFFPOP0001,,154,31477,154,"Police Outpost, Kallugundi "
,14.243299699926,74.656338799666,155,29563054876038100000HMPOLPUOFFPOP0001,,155,8990,155,"Police Outpost, Gersoppa "
,14.4828099995572,74.4922882996882,156,29563054856034680000HMPOLPUOFFPOP0001,,156,9208,156,"Police Outpost, Katgal, Kumta"
,15.1593799995519,74.7570209998399,157,29563054806027980000HMPOLPUOFFPOP0001,,157,8834,157,"Police Outpost, Baghvati "
,14.708112999847,74.2668309997565,158,29563054846033280000HMPOLPUOFFPOP0001,,158,8742,158,"Police Outpost, Belekeri "
,14.7642069995882,74.2117200004426,159,29563054786026270000HMPOLPUOFFPOP0001,,159,9055,159,"Police Outpost, Traffic Aid, Jaddigadde "
,13.3689480003932,77.6839970002084,16,29582055966236210000HMPOLPUOFFPOP0001,,16,30508,16,"Police Outpost, Nandi Hils"
,14.747127000286,75.008303999887,160,29563054826030840000HMPOLPUOFFPOP0001,,160,9320,160,"Police Outpost, Malagi"
,14.2139810004331,74.474019999681,161,29563054876037510000HMPOLPUOFFPOP0001,,161,8987,161,"Police Outpost, Bilagi "
,14.6210509997589,74.8412389998704,162,29563054838030940000HMPOLPUOFFPOP0001,,162,9715,162,"Police Outpost, Amminalli "
,14.6128870002832,74.8401569998361,163,29563054838030940000HMPOLPUOFFPOP0002,,163,9715,163,"Police Outpost, Sri. Marikamba Temple, Sirsi"
,14.9584727998739,74.7176591999565,164,29563054816028890000HMPOLPUOFFPOP0001,,164,9943,164,"Police Outpost, APMC "
,13.7175909998467,75.6355599996872,165,29568055216086520000HMPOLPUOFFPOP0001,,165,12419,165,"Police Outpost, BR Project"
,14.0093299998508,75.4377100004014,166,29568055206083680000HMPOLPUOFFPOP0001,,166,13255,166,"Police Outpost, Ayanur "
,14.4313919998698,74.9550320004153,167,29568055166075260000HMPOLPUOFFPOP0001,,167,13530,167,"Police Outpost, Jade Chandragutti"
,14.5744620001788,75.0510570002812,168,29568055166073760000HMPOLPUOFFPOP0001,,168,13587,168,"Police Outpost, Kamanavalli"
,14.5503500002018,75.2074190000375,169,29568055166074340000HMPOLPUOFFPOP0001,,169,13500,169,"Police Outpost, Kamanavalli"
,13.6698830003021,77.5008409996939,17,29582055956232350000HMPOLPUOFFPOP0001,,17,25670,17,"Police Outpost, Vidurashwatha "
,14.1725779996466,74.8311000003578,170,29568055158031300000HMPOLPUOFFPOP0001,,170,12913,170,"Police Outpost, Linganamakki "
,14.0336540003927,74.8518259997538,171,29568055156073520000HMPOLPUOFFPOP0001,,171,12954,171,"Police Outpost, Bakod "
,14.1429250002226,74.8181309998341,172,29568055156071430000HMPOLPUOFFPOP0001,,172,12915,172,"Police Outpost, Aralagodu "
,13.7394080004189,75.02479900027,173,29568055186080380000HMPOLPUOFFPOP0001,,173,12720,173,"Police Outpost, Mastikatte "
,14.0821850001104,75.2134080002515,174,29568055156072910000HMPOLPUOFFPOP0001,,174,12803,174,"Police Outpost, Anandapura "
,13.8614689998982,75.2059169998103,175,29568055186079970000HMPOLPUOFFPOP0001,,175,12614,175,"Police Outpost, Humcha "
,13.806909000107,75.2471100000548,176,29568055196080820000HMPOLPUOFFPOP0001,,176,13849,176,"Police Outpost, Konandur"
,16.3775119495761,75.207708889134,177,29556054455985510000HMPOLPUOFFPOP0002,,177,629,177,"Police Outpost, Mugalkhod, Bagalkote"
,12.2672050060923,77.2351649990061,178,29578055796198140000HMPOLPUOFFPOP0001,,178,30142,178,"Police Outpost, CR Nagar"
,14.4822238938122,74.4916988881795,179,29563054856034680000HMPOLPUOFFPOP0002,,179,9208,179,"Police Outpost, Bhandival"
,13.5030429999746,77.5151960004281,18,29582055956233750000HMPOLPUOFFPOP0001,,18,25874,18,"Police Outpost, Thondebavi "
,14.7629111120703,74.2224038892876,180,29563054786026270000HMPOLPUOFFPOP0002,,180,9055,180,"Police Outpost, Amadalli"
,14.2818988914223,74.4508138883266,181,29563054878030980000HMPOLPUOFFPOP0001,,181,8956,181,"Police Outpost, Honnavar"
,14.5188388906028,75.8079011120995,182,29567055098031240000HMPOLPUOFFPOP0001,,182,11962,182,"Police Outpost, Harappanahalli Taluk"
,13.5890709999732,77.7843179998288,19,29582055966234650000HMPOLPUOFFPOP0001,,19,30427,19,"Police Outpost, Peresandra "
,15.6319210002388,74.5029000001484,2,29555054398030350000HMPOLPUOFFPOP0001,,2,1610,2,"Police Outpost, Gym and Model "
,13.8423010000732,77.836398999716,20,29582055986238190000HMPOLPUOFFPOP0001,,20,30262,20,"Police Outpost, Guluru "
,13.3480840000495,77.9860140003814,21,29582056006246000000HMPOLPUOFFPOP0001,,21,30796,21,"Police Outpost, Kaiwara "
,13.2618600001107,77.8468530000318,22,29582055996242730000HMPOLPUOFFPOP0001,,22,31205,22,"Police Outpost, Jangamakote "
,12.9065460000963,78.1309410000452,23,29581055936225490000HMPOLPUOFFPOP0001,,23,15882,23,"Police Outpost, Budikote"
,12.9749639996768,78.2610609997232,24,29581055938032240000HMPOLPUOFFPOP0001,,24,16076,24,"Police Outpost, Oorgaum"
,13.190389000439,78.1064029999948,25,29581055916219340000HMPOLPUOFFPOP0001,,25,16380,25,"Police Outpost, Sugatoor "
,13.1392871995869,78.0021203004239,26,29581055916218200000HMPOLPUOFFPOP0001,,26,16332,26,"Police Outpost, Narasapura "
,13.1402400001241,78.1347540002371,27,29581055918032210000HMPOLPUOFFPOP0001,,27,16282,27,"Police Outpost, DAR Quarters"
,13.1456380000487,78.130636000036,28,29581055918032210000HMPOLPUOFFPOP0002,,28,16282,28,"Police Outpost, Civil Quarters"
,12.930696999627,77.8867030003325,29,29581055926222450000HMPOLPUOFFPOP0001,,29,16572,29,"Police Outpost, Lakkur "
,15.8163379999915,74.5679500002802,3,29555054385977720000HMPOLPUOFFPOP0001,,3,893,3,"Police Outpost, Bagewadi"
,12.9828809999542,78.0735089996465,30,29581055926224150000HMPOLPUOFFPOP0001,,30,16898,30,"Police Outpost, Tekal "
,13.0581989997456,78.4254420001843,31,29581055946231750000HMPOLPUOFFPOP0001,,31,17256,31,"Police Outpost, Tailur "
,13.1694944003377,78.3995755997442,32,29581055948032250000HMPOLPUOFFPOP0001,,32,17197,32,"Police Outpost, Traffic Aid Mulbagal"
,13.2744949996412,78.4591990002375,33,29581055946230690000HMPOLPUOFFPOP0001,,33,17013,33,"Police Outpost, Gudipalli "
,13.2838980000879,78.2959280004489,34,29581055906217200000HMPOLPUOFFPOP0001,,34,17676,34,"Police Outpost, Yeldur "
,13.0684519997763,77.2438999999464,35,29584056056258880000HMPOLPUOFFPOP0001,,35,29768,35,"Police Outpost, Solur "
,13.5034030000526,76.4472710004178,36,29571055326100470000HMPOLPUOFFPOP0001,,36,14141,36,"Police Outpost, Handankere"
,13.6132400004552,77.3082099996161,37,29571055356109850000HMPOLPUOFFPOP0001,,37,18986,37,"Police Outpost, Kodigadala"
,13.5290787997489,77.300952999792,38,29571055366111130000HMPOLPUOFFPOP0001,,38,18153,38,"Police Outpost, Holavanahalli"
,12.9145999999895,76.9346000003283,39,29571055416126600000HMPOLPUOFFPOP0001,,39,18364,39,"Police Outpost, Yadiyur "
,15.8670600004402,74.6135280000548,4,29555054385977970000HMPOLPUOFFPOP0001,,4,914,4,"Police Outpost, Marihal"
,13.0779999999108,76.7560000001765,40,29571055406123860000HMPOLPUOFFPOP0001,,40,19887,40,"Police Outpost, Mayasandra "
,13.3440810004469,77.2311649998511,41,29571055376113760000HMPOLPUOFFPOP0001,,41,19682,41,"Police Outpost, Urdigere"
,13.2105380001316,77.1291009998722,42,29571055376115820000HMPOLPUOFFPOP0001,,42,19360,42,"Police Outpost, Honnudike"
,13.5000002002659,76.9999999666838,43,29571055376112430000HMPOLPUOFFPOP0001,,43,19278,43,"Police Outpost, Nelahal "
,13.5039000003941,76.7602999996794,44,29571055386116360000HMPOLPUOFFPOP0001,,44,17871,44,"Police Outpost, Hagalavadi "
,13.2420444434831,76.8608166580597,45,29571055386118770000HMPOLPUOFFPOP0001,,45,17950,45,"Police Outpost, Kadaba"
,14.0340939999722,76.3282700001106,46,29566055066057880000HMPOLPUOFFPOP0001,,46,6159,46,"Police Outpost, HD Pura "
,13.9541070003517,76.1223349999207,47,29566055066056910000HMPOLPUOFFPOP0001,,47,6128,47,"Police Outpost, Ramagiri  "
,13.8383899001773,76.7457846995627,48,29566055086061870000HMPOLPUOFFPOP0001,,48,31446,48,"Police Outpost, J G Hally"
,13.9082539997702,76.3156759995423,49,29566055076059100000HMPOLPUOFFPOP0001,,49,6308,49,"Police Outpost, Janakal "
,12.9773209692159,77.5886142885905,5,29572055428031620000HMPOLPUOFFPOP0002,,5,30092,5,"Police Outpost, M.S. Vidhana Soudha"
,14.19875100004,75.8205250002394,50,29567055146068930000HMPOLPUOFFPOP0001,,50,11479,50,"Police Outpost, Tyavanige"
,13.8556810002296,75.9614380000994,51,29567055146071200000HMPOLPUOFFPOP0001,,51,11675,51,"Police Outpost, Tavarekere"
,14.0913888897318,75.8766666699925,52,29567055146070190000HMPOLPUOFFPOP0001,,52,11554,52,"Police Outpost, Nallur "
,14.4824200004444,76.0783660000444,53,29567055126065980000HMPOLPUOFFPOP0001,,53,11684,53,"Police Outpost, Anaji "
,14.2989020001398,75.7962089997147,54,29567055136068080000HMPOLPUOFFPOP0001,,54,12171,54,"Police Outpost, Kulumbi"
,14.1051709999752,75.6792120002083,55,29567055136068440000HMPOLPUOFFPOP0001,,55,12095,55,"Police Outpost, Chelur"
,14.1017130000394,75.5265750002942,56,29567055136067320000HMPOLPUOFFPOP0001,,56,12073,56,"Police Outpost, Savalanga"
,14.6537770002734,75.8906259998933,57,29567055106063480000HMPOLPUOFFPOP0001,,57,31488,57,"Police Outpost, Halavagilu"
,14.6332059996912,76.0596779999377,58,29567055106063560000HMPOLPUOFFPOP0001,,58,11863,58,"Police Outpost, Ujjappavadera "
,14.6726230003982,76.2990619997717,59,29567055116064050000HMPOLPUOFFPOP0001,,59,12324,59,"Police Outpost, Gadimhankunte "
,12.9842559458422,77.5888858023174,6,29572055428031620000HMPOLPUOFFPOP0003,,6,30092,6,"Police Outpost, L.H. Vidhana Soudha"
,15.3463430000465,75.1456250000793,60,29562054758030830000HMPOLPUOFFPOP0001,,60,6689,60,"Police Outpost, Ganeshpet, Hubli Town"
,15.3457259995838,75.1428909995452,61,29562054758030830000HMPOLPUOFFPOP0002,,61,6689,61,"Police Outpost, Shivaji Chowk, Hubli Town"
,15.3524299996793,75.145692999606,62,29562054758030830000HMPOLPUOFFPOP0003,,62,6680,62,"Police Outpost, Hubli Town (Forest Chowk)"
,15.342572000149,75.1428600000354,63,29562054758030830000HMPOLPUOFFPOP0004,,63,6689,63,"Police Outpost, M G Market, Hubli Town"
,15.3408830003354,75.1444280001363,64,29562054758030830000HMPOLPUOFFPOP0005,,64,6689,64,"Police Outpost, Ghantikeri "
,15.3371150000155,75.1350359995596,65,29562054758030830000HMPOLPUOFFPOP0006,,65,6689,65,"Police Outpost, Sadar Sofa, Old Hubli "
,15.3369410002967,75.1315039999792,66,29562054758030830000HMPOLPUOFFPOP0007,,66,6689,66,"Police Outpost, Durgadbail, Old Hubli"
,18.0995850003813,77.3510540003933,67,29558054555998850000HMPOLPUOFFPOP0001,,67,2299,67,"Police Outpost, Nittur "
,17.794064999949,77.0402939996562,68,29558054545997620000HMPOLPUOFFPOP0001,,68,2196,68,"Police Outpost, Rajeshwar "
,17.5616599997127,76.5607100004583,69,29579055808032050000HMPOLPUOFFPOP0001,,69,2690,69,"Police Outpost, Jidaga, Alland Circle"
,12.9728450001601,77.5836130002813,7,29572055428031620000HMPOLPUOFFPOP0004,,7,30092,7,"Police Outpost, City Civil Court"
,17.5616599997127,76.5607100004583,70,29579055808032050000HMPOLPUOFFPOP0002,,70,2690,70,"Police Outpost, Jidaga, Alland"
,17.5227732004098,77.2958239003322,71,29579055836203340000HMPOLPUOFFPOP0001,,71,2874,71,"Police Outpost, Chimmanchod "
,17.1953833216839,77.1611333214057,72,29579055846204950000HMPOLPUOFFPOP0001,,72,3555,72,"Police Outpost, Yanagundi "
,17.0376600003743,77.2525600001985,73,29579055846205380000HMPOLPUOFFPOP0001,,73,3494,73,"Police Outpost, Kodla, Sedam "
,17.3291639997607,76.8279609995325,74,29579055828032070000HMPOLPUOFFPOP0001,,74,3351,74,"Police Outpost, Anand Hotel "
,17.3174180004377,76.8263670000151,75,29579055828032070000HMPOLPUOFFPOP0002,,75,3351,75,"Police Outpost, Station Bazar, Kalaburagi  "
,16.9104259000513,76.6992873001453,76,29579055866208140000HMPOLPUOFFPOP0001,,76,3177,76,"Police Outpost, Ijeri "
,17.1638953001404,76.7423623003405,77,29579055826203040000HMPOLPUOFFPOP0001,,77,3327,77,"Police Outpost, Hagaragundagi "
,17.3268899997695,76.8530999996479,78,29579055828032070000HMPOLPUOFFPOP0003,,78,3347,78,"Police Outpost, Basaveshwer Hospital "
,17.0624888894517,76.9815722218921,79,29579055858032130000HMPOLPUOFFPOP0001,,79,3117,79,"Police Outpost, Wadi"
,12.9924318008119,77.5927356756342,8,29572055428031620000HMPOLPUOFFPOP0005,,8,15087,8,"Police Outpost, Vasanthnagara Chowki"
,16.6299999996933,76.6899999998054,80,29580055886211010000HMPOLPUOFFPOP0001,,80,32062,80,"Police Outpost, Vanadurga "
,16.8173419998856,77.328678000121,81,29580055896212740000HMPOLPUOFFPOP0001,,81,32426,81,"Police Outpost, Kadechur "
,16.3726000001031,76.4800000003542,82,29580055876209580000HMPOLPUOFFPOP0001,,82,32347,82,"Police Outpost, Sagar "
,16.4801499999411,77.1676970001034,83,29580055886212140000HMPOLPUOFFPOP0001,,83,32164,83,"Police Outpost, Bendebembali "
,16.9044150004232,77.0667570003309,84,29580055896212290000HMPOLPUOFFPOP0001,,84,32481,84,"Police Outpost, Yargol "
,15.9114000001031,75.5123500000008,85,29556054465987210000HMPOLPUOFFPOP0001,,85,136,85,"Police Outpost, Kulageri "
,16.2196190001242,75.9140199995489,86,29556054475988530000HMPOLPUOFFPOP0001,,86,156,86,"Police Outpost, Bevoor"
,16.1818000000621,75.6585499998887,87,29556054475987950000HMPOLPUOFFPOP0001,,87,190,87,"Police Outpost, Vidyagiri, Bagalkot Town Circle"
,16.1818000000621,75.6585499998887,88,29556054475987950000HMPOLPUOFFPOP0002,,88,190,88,"Police Outpost, Vidyagiri, Navanagara "
,16.204788900034,76.0599173996157,89,29556054485989180000HMPOLPUOFFPOP0001,,89,385,89,"Police Outpost, Kudal Sangam Circle"
,12.9837094873824,77.5769080927862,9,29572055428031620000HMPOLPUOFFPOP0006,,9,30092,9,"Police Outpost, Madhavanagara Chowki"
,15.9393229998689,75.9167140004351,90,29556054485990280000HMPOLPUOFFPOP0001,,90,319,90,"Police Outpost, Gudur Sc Village"
,16.204788900034,76.0599173996157,91,29556054485989180000HMPOLPUOFFPOP0002,,91,385,91,"Police Outpost, Kudal Sangam"
,16.4775900002344,75.1110799996322,92,29556054435984160000HMPOLPUOFFPOP0001,,92,530,92,"Police Outpost, Rabakavi "
,16.4186799997306,75.4370699996513,93,29556054445984740000HMPOLPUOFFPOP0001,,93,286,93,"Police Outpost, Galagali "
,16.5716038001911,75.0873955996221,94,29555054345973170000HMPOLPUOFFPOP0001,,94,681,94,"Police Outpost, Satti  "
,16.8583299996019,75.043859999628,95,29555054345972610000HMPOLPUOFFPOP0001,,95,654,95,"Police Outpost, Kallutti "
,16.3871199996792,75.1953899997623,96,29556054455985510000HMPOLPUOFFPOP0001,,96,629,96,"Police Outpost, Mugalkhod "
,15.7961010001005,74.761325999671,97,29555054405980680000HMPOLPUOFFPOP0001,,97,864,97,"Police Outpost, Sampagoan "
,15.7949867999249,74.7614445996449,98,29555054405980680000HMPOLPUOFFPOP0002,,98,864,98,"Police Outpost, M K Hubballi"
,16.4243420003553,74.5756610004549,99,29555054338030230000HMPOLPUOFFPOP0001,,99,1040,99,"Police Outpost, Kabbur"
